{
  "project_info": {
    "project_number": "130871180648",
    "firebase_url": "https://log-in-ba4b1.firebaseio.com",
    "project_id": "log-in-ba4b1",
    "storage_bucket": "log-in-ba4b1.appspot.com"
  },
  "client": [
    {
      "client_info": {
        "mobilesdk_app_id": "1:130871180648:android:2ffb8d90102c29cd632add",
        "android_client_info": {
          "package_name": "com.example.myapplication"
        }
      },
      "oauth_client": [
        {
          "client_id": "130871180648-985a9v72ok21ptsk92pjilprcc9qpah2.apps.googleusercontent.com",
          "client_type": 3
        }
      ],
      "api_key": [
        {
          "current_key": "AIzaSyDuwQjAI-_7XLuE6o12fBTLt-jyfTo6FXI"
        }
      ],
      "services": {
        "appinvite_service": {
          "other_platform_oauth_client": [
            {
              "client_id": "130871180648-985a9v72ok21ptsk92pjilprcc9qpah2.apps.googleusercontent.com",
              "client_type": 3
            }
          ]
        }
      }
    }
  ],
  "configuration_version": "1"
}