{
  "project_info": {
    "project_number": "537267449443",
    "firebase_url": "https://healthcareplus-a7037.firebaseio.com",
    "project_id": "healthcareplus-a7037",
    "storage_bucket": "healthcareplus-a7037.appspot.com"
  },
  "client": [
    {
      "client_info": {
        "mobilesdk_app_id": "1:537267449443:android:7a57dde17d42fe69a25256",
        "android_client_info": {
          "package_name": "com.example.healthcare"
        }
      },
      "oauth_client": [
        {
          "client_id": "537267449443-l6fu5fjrb60l5p83l981ht7e48c3td7i.apps.googleusercontent.com",
          "client_type": 3
        }
      ],
      "api_key": [
        {
          "current_key": "AIzaSyBdIeI4QPPzkuNUD_gb9HWTEztvHwotR1M"
        }
      ],
      "services": {
        "appinvite_service": {
          "other_platform_oauth_client": [
            {
              "client_id": "537267449443-l6fu5fjrb60l5p83l981ht7e48c3td7i.apps.googleusercontent.com",
              "client_type": 3
            }
          ]
        }
      }
    }
  ],
  "configuration_version": "1"
}