{
  "project_info": {
    "project_number": "780552518096",
    "firebase_url": "https://bvpapp-feb30.firebaseio.com",
    "project_id": "bvpapp-feb30",
    "storage_bucket": "bvpapp-feb30.appspot.com"
  },
  "client": [
    {
      "client_info": {
        "mobilesdk_app_id": "1:780552518096:android:393dc9df23299bb79a21d5",
        "android_client_info": {
          "package_name": "com.example.bvp"
        }
      },
      "oauth_client": [
        {
          "client_id": "780552518096-v9mrac0j0hsvipuffbefh829chhk1fea.apps.googleusercontent.com",
          "client_type": 3
        }
      ],
      "api_key": [
        {
          "current_key": "AIzaSyDudb9yYIRYFFZYp-j3gmxvlUlmPNyaa9E"
        }
      ],
      "services": {
        "appinvite_service": {
          "other_platform_oauth_client": [
            {
              "client_id": "780552518096-v9mrac0j0hsvipuffbefh829chhk1fea.apps.googleusercontent.com",
              "client_type": 3
            }
          ]
        }
      }
    }
  ],
  "configuration_version": "1"
}